key,name,notes,hours,kind,key:auditReport
#base entity
audit-section-00,L,L,3,PRELIMINARY,audit-report-00
#name
audit-section-01,Lorem ipsum dolor sit amet  consectetu,L,3,PRELIMINARY,audit-report-00
audit-section-02,Lo,L,3,PRELIMINARY,audit-report-00
audit-section-03,Lorem ipsum dolor sit amet  consectetur adipiscing elit. Sed do: eiusmod t,L,3,PRELIMINARY,audit-report-00
audit-section-04,Lorem ipsum dolor sit amet  consectetur adipiscing elit. Sed do: eiusmod te,L,3,PRELIMINARY,audit-report-00
audit-section-05,โลเร็ม อิปซัม,L,3,PRELIMINARY,audit-report-00
audit-section-06,لوريم إيبسوم,L,3,PRELIMINARY,audit-report-00
audit-section-07,洛伦·伊普森,L,3,PRELIMINARY,audit-report-00
audit-section-08,<marquee>Hacked</marquee>,L,3,PRELIMINARY,audit-report-00
audit-section-09,<script>alert(‘Hacked!’);</script>,L,3,PRELIMINARY,audit-report-00
audit-section-10,' or 'A' = 'A,L,3,PRELIMINARY,audit-report-00
#notes
audit-section-11,L,Lorem ipsum dolor sit amet  consectetur adipiscing elit. Sed do: eiusmod tempor incididunt ut labore et dolore magna aliqua! Ut*,3,PRELIMINARY,audit-report-00
audit-section-12,L,Lo,3,PRELIMINARY,audit-report-00
audit-section-13,L,Lorem ipsum dolor sit amet  consectetur adipiscing elit. Sed do: eiusmod tempor incididunt ut labore et dolore magna aliqua! Ut enim ad minim veniam? Quis nostrud exercitation ullamco laboris nisi ut aliquip ex ea commodo consequat. Duis aute irure dolor,3,PRELIMINARY,audit-report-00
audit-section-14,L,Lorem ipsum dolor sit amet  consectetur adipiscing elit. Sed do: eiusmod tempor incididunt ut labore et dolore magna aliqua! Ut enim ad minim veniam? Quis nostrud exercitation ullamco laboris nisi ut aliquip ex ea commodo consequat. Duis aute irure dolor*,3,PRELIMINARY,audit-report-00
audit-section-15,L,โลเร็ม อิปซัม,3,PRELIMINARY,audit-report-00
audit-section-16,L,لوريم إيبسوم,3,PRELIMINARY,audit-report-00
audit-section-17,L,洛伦·伊普森,3,PRELIMINARY,audit-report-00
audit-section-18,L,<marquee>Hacked</marquee>,3,PRELIMINARY,audit-report-00
audit-section-19,L,<script>alert(‘Hacked!’);</script>,3,PRELIMINARY,audit-report-00
audit-section-20,L,' or 'A' = 'A,3,PRELIMINARY,audit-report-00
#hours
audit-section-21,L,L,0,PRELIMINARY,audit-report-00
audit-section-22,L,L,1,PRELIMINARY,audit-report-00
audit-section-23,L,L,99,PRELIMINARY,audit-report-00
audit-section-24,L,L,100,PRELIMINARY,audit-report-00
#kind
audit-section-25,L,L,3,CONCLUSION,audit-report-00
audit-section-26,L,L,3,EVALUATION,audit-report-00
#auditReport
audit-section-27,L,L,3,PRELIMINARY,audit-report-01
audit-section-28,L,L,3,PRELIMINARY,audit-report-02
audit-section-29,L,L,3,PRELIMINARY,audit-report-20
audit-section-30,L,L,3,PRELIMINARY,audit-report-51
audit-section-31,L,L,3,PRELIMINARY,audit-report-52